{"cameraMode":{"drawMode":0,"name":"Shaded","section":"Shading Mode"},"sceneLighting":true,"audioPlay":false,"sceneViewState":{"m_AlwaysRefresh":false,"showFog":true,"showSkybox":true,"showFlares":true,"showImageEffects":true,"showParticleSystems":true,"showVisualEffectGraphs":true,"m_FxEnabled":true},"in2DMode":false,"pivot":{"x":0.9838151931762695,"y":6.576536655426025,"z":11.243762016296387},"rotation":{"x":0.008193854242563248,"y":0.33309561014175417,"z":0.0028951624408364298,"w":-0.9428552389144898},"size":8.60787296295166,"orthographic":false}